Utterance,Intent,slot_type1,slot_value1,slot_name1,slot_type2,slot_value2,slot_name2,slot_type3,slot_value3,slot_name3
What's the weather like today,weather,location,local,weatherLocation,date,today,weatherDate,,,
What's the weather like right now,weather,location,local,weatherLocation,date,today,weatherDate,,,
What is the weather like tomorrow,weather,location,local,weatherLocation,date,tomorrow,weatherDate,,,
Tell me about the weather,weather,location,local,weatherLocation,date,today,weatherDate,,,
Tell me about the weather right now,weather,location,local,weatherLocation,date,today,weatherDate,,,
What is the weather like today,weather,location,local,weatherLocation,date,today,weatherDate,,,
Describe the weather tomorrow,weather,location,local,weatherLocation,date,tomorrow,weatherDate,,,
Weather report,weather,location,local,weatherLocation,date,today,weatherDate,,,
Weather forecast,weather,location,local,weatherLocation,date,today,weatherDate,,,
Weather,weather,location,local,weatherLocation,date,today,weatherDate,,,
How's the weather outside,weather,location,local,weatherLocation,date,today,weatherDate,,,
Is it raining right now,weather,location,local,weatherLocation,date,today,weatherDate,,,
What's the temperature right now,weather,location,local,weatherLocation,date,today,weatherDate,,,
What's the forecast for the day,weather,location,local,weatherLocation,date,today,weatherDate,,,
Will it be sunny today,weather,location,local,weatherLocation,date,today,weatherDate,,,
What's the chance of rain today,weather,location,local,weatherLocation,date,today,weatherDate,,,
What's the humidity level outside,weather,location,local,weatherLocation,date,today,weatherDate,,,
Is it windy tomorrow,weather,location,local,weatherLocation,date,tomorrow,weatherDate,,,
Will it snow today,weather,location,local,weatherLocation,date,today,weatherDate,,,
What's the weather like in the next hour,weather,location,local,weatherLocation,date,today,weatherDate,,,
What's the weather like in London today,weather,location,London,weatherLocation,date,today,weatherDate,,,
Can you tell me the current temperature in Paris,weather,location,Paris,weatherLocation,date,today,weatherDate,,,
Is it raining in Sydney right now,weather,location,Sydney,weatherLocation,date,today,weatherDate,,,
What's the forecast for Berlin,weather,location,Berlin,weatherLocation,date,today,weatherDate,,,
Will it be sunny in Tokyo today,weather,location,Tokyo,weatherLocation,date,today,weatherDate,,,
What's the chance of snow in Moscow today,weather,location,Moscow,weatherLocation,date,today,weatherDate,,,
What's the humidity level like in Dubai,weather,location,Dubai,weatherLocation,date,today,weatherDate,,,
Will it be hot in Miami today,weather,location,Miami,weatherLocation,date,today,weatherDate,,,
Will it be cold in Toronto today,weather,location,Toronto,weatherLocation,date,today,weatherDate,,,
What's the weather like in the Bahamas this weekend,weather,location,Bahamas,weatherLocation,date,weekend,weatherDate,,,
What's the weather like in the Caribbean today,weather,location,Caribbean,weatherLocation,date,today,weatherDate,,,
What's the weather like in Provo right now,weather,location,Provo,weatherLocation,date,today,weatherDate,,,
What is the weather like in Danville tomorrow,weather,location,Danville,weatherLocation,date,tomorrow,weatherDate,,,
Tell me about the weather in San Francisco,weather,location,San Francisco,weatherLocation,date,today,weatherDate,,,
Tell me about the weather right now in Dallas,weather,location,Danville,weatherLocation,date,today,weatherDate,,,
What is the weather like today in Salt Lake City,weather,location,Salt Lake City,weatherLocation,date,today,weatherDate,,,
Describe the weather in West Jordan,weather,location,West Jordan,weatherLocation,date,today,weatherDate,,,
Alameda weather report,weather,location,Alameda,weatherLocation,date,today,weatherDate,,,
Weather forecast for Tempe,weather,location,Tempe,weatherLocation,date,today,weatherDate,,,
Weather in Sacramento,weather,location,Sacramento,weatherLocation,date,today,weatherDate,,,
Wallawalla tomorrow weather,weather,location,Wallawalla,weatherLocation,date,tomorrow,weatherDate,,,
What time is it,time,,,,,,,,,
Can you tell me the current time,time,,,,,,,,,
Do you know what time it is,time,,,,,,,,,
Could you please tell me the time,time,,,,,,,,,
What's the time right now,time,,,,,,,,,
Could you let me know the time,time,,,,,,,,,
"What's the current time, please",time,,,,,,,,,
"Could you tell me what time it is, please",time,,,,,,,,,
I was wondering if you knew the time.,time,,,,,,,,,
May I know what the time is,time,,,,,,,,,
Is there any chance you could tell me the time,time,,,,,,,,,
What's the time on your watch,time,,,,,,,,,
"Can you give me the time, please",time,,,,,,,,,
Do you have the time,time,,,,,,,,,
What's the exact time now,time,,,,,,,,,
May I ask what time it is,time,,,,,,,,,
Would you happen to know the time,time,,,,,,,,,
What's the time,time,,,,,,,,,
How late is it,time,,,,,,,,,
Time,time,,,,,,,,,
Hour,time,,,,,,,,,
Tell me the time,time,,,,,,,,,
What's the date today,date,date,today,date,,,,,,
Can you tell me the current date,date,date,today,date,,,,,,
What's today's date,date,date,today,date,,,,,,
Could you please tell me the date,date,date,today,date,,,,,,
What's the date right now,date,date,today,date,,,,,,
Could you let me know the date,date,date,today,date,,,,,,
"What's the current date, please",date,date,today,date,,,,,,
"Could you tell me what date it is, please",date,date,today,date,,,,,,
I was wondering if you knew the date.,date,date,today,date,,,,,,
May I know what the date is,date,date,today,date,,,,,,
Is there any chance you could tell me the date,date,date,today,date,,,,,,
What's the date on your calendar,date,date,today,date,,,,,,
"Can you give me the date, please",date,date,today,date,,,,,,
Do you have the date,date,date,today,date,,,,,,
What's the exact date now,date,date,today,date,,,,,,
What date do you have,date,date,today,date,,,,,,
May I ask what the date is,date,date,today,date,,,,,,
Would you happen to know the date,date,date,today,date,,,,,,
What day is it,date,date,today,date,,,,,,
What is the date,date,date,today,date,,,,,,
Tell me the date,date,date,today,date,,,,,,
Date,date,date,today,date,,,,,,
Day,date,date,today,date,,,,,,
"Tell me a joke, please.",joke,,,,,,,,,
Can you make me laugh,joke,,,,,,,,,
I need a good joke.,joke,,,,,,,,,
Could you tell me a funny joke,joke,,,,,,,,,
Can you share a joke with me,joke,,,,,,,,,
Do you know any good jokes,joke,,,,,,,,,
Can you lighten up my day with a joke,joke,,,,,,,,,
May I hear a joke from you,joke,,,,,,,,,
What's a good joke you know,joke,,,,,,,,,
"I'm feeling down, can you tell me a joke",joke,,,,,,,,,
I'm in the mood for a joke.,joke,,,,,,,,,
Could you tell me a joke to brighten my day,joke,,,,,,,,,
Can you tell me a joke that's clean,joke,,,,,,,,,
What's a joke that never fails to make people laugh,joke,,,,,,,,,
Could you please tell me a joke that's appropriate for work,joke,,,,,,,,,
Do you have a funny joke to share with me,joke,,,,,,,,,
Could you please tell me a joke that's family-friendly,joke,,,,,,,,,
What's a classic joke that always gets a laugh,joke,,,,,,,,,
Can you tell me a joke that's short and sweet,joke,,,,,,,,,
Can you share a corny joke with me,joke,,,,,,,,,
Joke,joke,,,,,,,,,
Tell me a joke,joke,,,,,,,,,
Do you have any jokes,joke,,,,,,,,,
How's my system doing,system,,,,,,,,,
Can you check the system status for me,system,,,,,,,,,
"Is my CPU, RAM, and battery usage normal",system,,,,,,,,,
Can you tell me about the system performance,system,,,,,,,,,
How's my computer holding up,system,,,,,,,,,
Can you give me the system status,system,,,,,,,,,
How's my machine running,system,,,,,,,,,
Can you provide me with the system health status,system,,,,,,,,,
Can you let me know the current system status,system,,,,,,,,,
"What's the current CPU, RAM, and battery usage",system,,,,,,,,,
Can you check the resource usage for me,system,,,,,,,,,
Is the system running smoothly,system,,,,,,,,,
Can you give me a report on the system performance,system,,,,,,,,,
Can you give me an update on the system status,system,,,,,,,,,
"What's the status of the CPU, RAM, and battery",system,,,,,,,,,
How's my device functioning,system,,,,,,,,,
System status,system,,,,,,,,,
Status of the system,system,,,,,,,,,
Status report,system,,,,,,,,,
System usage,system,,,,,,,,,
Computer status,system,,,,,,,,,
What's my IP address,ip address,,,,,,,,,
Can you tell me my IP address,ip address,,,,,,,,,
How do I find my IP address,ip address,,,,,,,,,
What is the IP address of my device,ip address,,,,,,,,,
Could you provide me with my IP address,ip address,,,,,,,,,
"May I know my IP address, please",ip address,,,,,,,,,
How can I check my IP address,ip address,,,,,,,,,
Can you give me my device's IP address,ip address,,,,,,,,,
Where can I find my IP address,ip address,,,,,,,,,
What is my current IP address,ip address,,,,,,,,,
Can you please tell me the IP address of my device,ip address,,,,,,,,,
I'm trying to locate my IP address,ip address,,,,,,,,,
How can I determine the IP address of my machine,ip address,,,,,,,,,
What's the IP address assigned to my device,ip address,,,,,,,,,
Can you check what IP address I'm using,ip address,,,,,,,,,
Where can I check my IP address,ip address,,,,,,,,,
Can you help me find the IP address of my computer,ip address,,,,,,,,,
How do I know my current IP address,ip address,,,,,,,,,
IP Address,ip address,,,,,,,,,
Tell me my IP address,ip address,,,,,,,,,
What is my IP address,ip address,,,,,,,,,
Launch Slack.,app,app,slack,app,,,,,,
"Open Slack, please.",app,app,slack,app,,,,,,
Start Slack.,app,app,slack,app,,,,,,
Can you open up Slack,app,app,slack,app,,,,,,
Load Slack for me.,app,app,slack,app,,,,,,
Open Python.,app,app,python,app,,,,,,
"Launch Python, please.",app,app,python,app,,,,,,
Start Python.,app,app,python,app,,,,,,
Can you open up Python,app,app,python,app,,,,,,
Load Python for me.,app,app,python,app,,,,,,
Open File Explorer.,app,app,file explorer,app,,,,,,
"Launch File Explorer, please.",app,app,file explorer,app,,,,,,
Start File Explorer.,app,app,file explorer,app,,,,,,
Can you open up File Explorer,app,app,file explorer,app,,,,,,
Load File Explorer for me.,app,app,file explorer,app,,,,,,
Open Chrome.,app,app,chrome,app,,,,,,
"Launch Chrome, please.",app,app,chrome,app,,,,,,
Start Chrome.,app,app,chrome,app,,,,,,
Can you open up Chrome,app,app,chrome,app,,,,,,
Load Chrome for me.,app,app,chrome,app,,,,,,
Launch Discord.,app,app,discord,app,,,,,,
"Open Discord, please.",app,app,discord,app,,,,,,
Start Discord.,app,app,discord,app,,,,,,
Can you open up Discord,app,app,discord,app,,,,,,
Load Discord for me.,app,app,discord,app,,,,,,
Open Todoist.,app,app,todoist,app,,,,,,
"Launch Todoist, please.",app,app,todoist,app,,,,,,
Start Todoist.,app,app,todoist,app,,,,,,
Can you open up Todoist,app,app,todoist,app,,,,,,
Load Todoist for me.,app,app,todoist,app,,,,,,
Open Command Prompt.,app,app,command prompt,app,,,,,,
"Launch Command Prompt, please.",app,app,command prompt,app,,,,,,
Start Command Prompt.,app,app,command prompt,app,,,,,,
Can you open up Command Prompt,app,app,command prompt,app,,,,,,
Load Command Prompt for me.,app,app,command prompt,app,,,,,,
Open Jupiter.,app,app,jupiter,app,,,,,,
"Launch Jupiter, please.",app,app,jupiter,app,,,,,,
Start Jupiter.,app,app,jupiter,app,,,,,,
Can you open up Jupiter,app,app,jupiter,app,,,,,,
Load Jupiter for me.,app,app,jupiter,app,,,,,,
Can you provide information on the history of the Roman Empire,wikipedia,query,Roman Empire,wikiQuery,,,,,,
What can you tell me about the human circulatory system,wikipedia,query,human circulatory system,wikiQuery,,,,,,
Could you give me some insights into the life of Marie Curie,wikipedia,query,Marie Curie,wikiQuery,,,,,,
I'm interested in learning about the major achievements of Martin Luther King Jr.,wikipedia,query,Martin Luther King Jr,wikiQuery,,,,,,
What's the story behind the discovery of penicillin,wikipedia,query,Penicillin,wikiQuery,,,,,,
Can you give me an overview of the events of World War II,wikipedia,query,World War 2,wikiQuery,,,,,,
Tell me more about the architectural style known as Art Deco.,wikipedia,query,Art Deco,wikiQuery,,,,,,
What are the characteristics of the Baroque period in music,wikipedia,query,Baroque period,wikiQuery,,,,,,
I'd like to know more about the philosophy of existentialism.,wikipedia,query,Existentialism,wikiQuery,,,,,,
Can you explain the principles behind the Theory of Relativity,wikipedia,query,Theory of Relativity,wikiQuery,,,,,,
What's the origin of the Olympic Games,wikipedia,query,Olympic Games,wikiQuery,,,,,,
I'm curious about the Renaissance.,wikipedia,query,Renaissance,wikiQuery,,,,,,
Could you tell me about the life of Vincent van Gogh,wikipedia,query,Vincent van Gogh,wikiQuery,,,,,,
What's the significance of the Magna Carta in English history,wikipedia,query,Magna Carta,wikiQuery,,,,,,
What can you tell me about the life of Helen Keller,wikipedia,query,Helen Keller,wikiQuery,,,,,,
I'd like to learn more about the science of genetics.,wikipedia,query,genetics,wikiQuery,,,,,,
Can you provide information on the role of the United Nations in international affairs,wikipedia,query,United Nations,wikiQuery,,,,,,
What's the history of the American Civil Rights Movement,wikipedia,query,American Civil Rights Movement,wikiQuery,,,,,,
Could you explain the concept of Artificial Intelligence,wikipedia,query,Artificial Intelligence,wikiQuery,,,,,,
I'm interested in the French Revolution. Can you tell me more about it,wikipedia,query,French Revolution,wikiQuery,,,,,,
Can you tell me more about the process of photosynthesis,wikipedia,query,photosynthesis,wikiQuery,,,,,,
What can you share with me about the life and work of Isaac Newton,wikipedia,query,Isaac Newton,wikiQuery,,,,,,
I'm curious about the history of the Ancient Egyptians. What do you know about it,wikipedia,query,Ancient Egyptians,wikiQuery,,,,,,
Could you explain the basic principles of quantum mechanics,wikipedia,query,quantum mechanics,wikiQuery,,,,,,
What are the key components of the human nervous system,wikipedia,query,human nervous system,wikiQuery,,,,,,
Tell me about the cultural significance of the art of the Japanese samurai.,wikipedia,query,Japanese samurai.,wikiQuery,,,,,,
What is the history of the development of the internet,wikipedia,query,internet,wikiQuery,,,,,,
Can you explain the structure and function of DNA,wikipedia,query,DNA,wikiQuery,,,,,,
What are the main ideas behind the philosophy of Buddhism,wikipedia,query,Buddhism,wikiQuery,,,,,,
I'd like to know more about the life and accomplishments of Albert Einstein.,wikipedia,query,Albert Einstein,wikiQuery,,,,,,
Can you provide information on the impact of climate change on the world's oceans,wikipedia,query,climate change on the world's oceans,wikiQuery,,,,,,
Tell me about the most significant events of the American Civil War.,wikipedia,query,American Civil War,wikiQuery,,,,,,
What can you tell me about the history of the Olympic Games,wikipedia,query,Olympic Games,wikiQuery,,,,,,
I'm curious about the evolution of modern art. Can you share any insights,wikipedia,query,modern art,wikiQuery,,,,,,
Could you explain the principles of the scientific method,wikipedia,query,scientific method,wikiQuery,,,,,,
What's the history and cultural significance of the art of calligraphy,wikipedia,query,calligraphy,wikiQuery,,,,,,
Can you provide information on principles of democracy,wikipedia,query,democracy,wikiQuery,,,,,,
I'd like to know more about the American space program. What can you tell me,wikipedia,query,American space program,wikiQuery,,,,,,
What can you share with me about the life and work of Stephen Hawking,wikipedia,query,Stephen Hawking,wikiQuery,,,,,,
Tell me about the cultural significance of the Mona Lisa,wikipedia,query,Mona Lisa,wikiQuery,,,,,,
Tell me about Michael Jordan,wikipedia,query,Michael Jordan,wikiQuery,,,,,,
Tell me about Bicycles,wikipedia,query,Bicycles,wikiQuery,,,,,,
Tell me about Climate Change,wikipedia,query,Climate Change,wikiQuery,,,,,,
Tell me about Donald Trump,wikipedia,query,Donald Trump,wikiQuery,,,,,,
Tell me about Computers,wikipedia,query,Computers,wikiQuery,,,,,,
Tell me about Artificial Intelligence,wikipedia,query,Artificial Intelligence,wikiQuery,,,,,,
Tell me about Beyoncé,wikipedia,query,Beyoncé,wikiQuery,,,,,,
Tell me about Chairs,wikipedia,query,Chairs,wikiQuery,,,,,,
Tell me about COVID-19,wikipedia,query,COVID-19,wikiQuery,,,,,,
Tell me about Elon Musk,wikipedia,query,Elon Musk,wikiQuery,,,,,,
Tell me about Cars,wikipedia,query,Cars,wikiQuery,,,,,,
Tell me about Social Media,wikipedia,query,Social Media,wikiQuery,,,,,,
Tell me about Oprah Winfrey,wikipedia,query,Oprah Winfrey,wikiQuery,,,,,,
Tell me about Books,wikipedia,query,Books,wikiQuery,,,,,,
Tell me about Mental Health,wikipedia,query,Mental Health,wikiQuery,,,,,,
Tell me about Barack Obama,wikipedia,query,Barack Obama,wikiQuery,,,,,,
Tell me about Coffee,wikipedia,query,Coffee,wikiQuery,,,,,,
Tell me about Space Exploration,wikipedia,query,Space Exploration,wikiQuery,,,,,,
Tell me about Taylor Swift,wikipedia,query,Taylor Swift,wikiQuery,,,,,,
Tell me about Television,wikipedia,query,Television,wikiQuery,,,,,,
Google search for healthy smoothie recipes,search,query,healthy smoothie reciples,searchQuery,,,,,,
Best TV shows on Netflix on Google,search,query,best TV shows on Netflix,searchQuery,,,,,,
Search Google for the latest tech news,search,query,latest tech news,searchQuery,,,,,,
Google for affordable workout equipment,search,query,affordable workout equipment,searchQuery,,,,,,
Find me the best deals on flights on Google,search,query,deals on flights,searchQuery,,,,,,
Google search for the most popular video games,search,query,most popular video games,searchQuery,,,,,,
Best books on leadership on Google,search,query,books on leadership,searchQuery,,,,,,
Search Google for the latest fashion trends,search,query,latest fashion trends,searchQuery,,,,,,
Find me the best restaurants in town on Google,search,query,restaurants in town,searchQuery,,,,,,
Google for easy home workout routines,search,query,easy home workout routinles,searchQuery,,,,,,
Best movies of all time on Google,search,query,best movies of all time,searchQuery,,,,,,
Google for home office decor ideas,search,query,office decor ideles,searchQuery,,,,,,
Search Google for the latest science discoveries,search,query,latest science discoveries,searchQuery,,,,,,
Find me the best yoga poses on Google,search,query,yoga poses,searchQuery,,,,,,
Google search for the latest political news,search,query,latest political news,searchQuery,,,,,,
Search Google for natural remedies for headaches,search,query,remedies for headaches,searchQuery,,,,,,
Best online courses for graphic design on Google,search,query,online courses for graphis design,searchQuery,,,,,,
Google for the best pet-friendly hotels,search,query,pet-friendly hotels,searchQuery,,,,,,
Search Google for DIY hair styling tips,search,query,DIY hair styling tips,searchQuery,,,,,,
Find me the best hiking trails in the area on Google.,search,query,hiking trails in the area,searchQuery,,,,,,
Can you search Google for the latest news on climate change?,search,query,news on climate change,searchQuery,,,,,,
I need to find some good recipes for vegan meals. Can you help me search Google?,search,query,good recipes for vegan meals,searchQuery,,,,,,
Search Google for the best places to go hiking in California.,search,query,best places to go hiking,searchQuery,,,,,,
Can you find some reliable sources about the benefits of meditation?,search,query,the benefits of meditation,searchQuery,,,,,,
I'm looking for a good dentist in my area. Could you help me search Google for one?,search,query,dentist in my area,searchQuery,,,,,,
Can you search Google for some easy DIY home improvement projects?,search,query,DIY home improvement projects,searchQuery,,,,,,
Find me some reputable reviews of the latest smartphones on the market.,search,query,reviews of the latest smartphones,searchQuery,,,,,,
Search Google for the top-rated books in the mystery genre.,search,query,top-rated books in the mystery genre,searchQuery,,,,,,
I need to find some good online courses for learning a new language. Can you help me search Google?,search,query,courses for learning a new language,searchQuery,,,,,,
Can you find some reputable sources about the health benefits of yoga?,search,query,the health benefits of yoga,searchQuery,,,,,,
Search Google for the best budget-friendly vacation destinations.,search,query,budget-friendly vacation destinations,searchQuery,,,,,,
I'm looking for some good resources for learning to code. Can you help me search Google?,search,query,resources for learning to code,searchQuery,,,,,,
Can you find some reputable reviews of the latest laptops on the market?,search,query,reviews of the latest laptops ,searchQuery,,,,,,
Search Google for the best rated restaurants in my area.,search,query,best rated restaurants in my area,searchQuery,,,,,,
I need to find some good resources for preparing for the GRE. Can you help me search Google?,search,query,resources for preparing for the GRE,searchQuery,,,,,,
Can you find some reputable sources about the effects of stress on the body?,search,query,the effects of stress on the body,searchQuery,,,,,,
Search Google for the top-rated movies in the comedy genre.,search,query,movies in the comedy genre,searchQuery,,,,,,
I'm looking for some good resources for learning graphic design. Can you help me search Google?,search,query,resources for learning graphic design,searchQuery,,,,,,
Can you find some reputable reviews of the latest fitness trackers on the market?,search,query,reviews of the latest fitness trackers,searchQuery,,,,,,
Search Google for the best rated hotels in a specific city.,search,query,hotels in a specific city,searchQuery,,,,,,
Search the internet for healthy smoothie recipes,search,query, smoothie recipes,searchQuery,,,,,,
Find the latest news on technology,search,query, technology news,searchQuery,,,,,,
Google search for the best coffee makers,search,query, coffee makers,searchQuery,,,,,,
Search the internet for affordable home gym equipment,search,query, home gym equipment,searchQuery,,,,,,
Find the best deals on flights,search,query, flight deals,searchQuery,,,,,,
Search the internet for easy DIY home decor projects,search,query, DIY home decor,searchQuery,,,,,,
Google search for the latest fashion trends,search,query, fashion trends,searchQuery,,,,,,
Find the best restaurants in the area,search,query, restaurants,searchQuery,,,,,,
Search the internet for natural remedies for headaches,search,query, headache remedies,searchQuery,,,,,,
Google search for the latest science discoveries,search,query, science discoveries,searchQuery,,,,,,
Find the best online courses for graphic design,search,query, graphic design courses,searchQuery,,,,,,
Search the internet for the best pet-friendly hotels,search,query, pet-friendly hotels,searchQuery,,,,,,
Google search for DIY hair styling tips,search,query, hair styling tips,searchQuery,,,,,,
Find the best hiking trails in the area,search,query, hiking trails,searchQuery,,,,,,
Search the internet for the best budget-friendly vacation destinations,search,query, budget-friendly vacation destinations,searchQuery,,,,,,
Google search for the latest political news,search,query, political news,searchQuery,,,,,,
Find the best recipes for vegan meals,search,query, vegan recipes,searchQuery,,,,,,
Search the internet for the latest advancements in medicine,search,query, medical advancements,searchQuery,,,,,,
Google search for easy home workout routines,search,query, home workout routines,searchQuery,,,,,,
Find the best places to go hiking in California,search,query, California hiking trails.,searchQuery,,,,,,
Open Google,url,url,google,searchQuery,,,,,,
Open YouTube,url,url,youtube,searchQuery,,,,,,
Open Facebook,url,url,facebook,searchQuery,,,,,,
Open Twitter,url,url,twitter,searchQuery,,,,,,
Open Instagram,url,url,instagram,searchQuery,,,,,,
Open LinkedIn,url,url,linkedin,searchQuery,,,,,,
Open Reddit,url,url,reddit,searchQuery,,,,,,
Open Amazon,url,url,amazon,searchQuery,,,,,,
Open eBay,url,url,ebay,searchQuery,,,,,,
Open Wikipedia,url,url,wikipedia,searchQuery,,,,,,
Open CNN,url,url,cnn,searchQuery,,,,,,
Open BBC,url,url,bbc,searchQuery,,,,,,
Open Netflix,url,url,netflix,searchQuery,,,,,,
Open Hulu,url,url,hulu,searchQuery,,,,,,
Open Disney+,url,url,disneyplus,searchQuery,,,,,,
Open Spotify,url,url,spotify,searchQuery,,,,,,
Open Apple Music,url,url,music,searchQuery,,,,,,
Open Microsoft,url,url,apple music,searchQuery,,,,,,
Open Dropbox,url,url,dropbox,searchQuery,,,,,,
Open dallinstewart.com,url,url,dallinstewart.com,websiteQuery,,,,,,
Look up nytimes.com,url,url,nytimes.com,websiteQuery,,,,,,
Can you open instagram.com/jlo,url,url,instagram.com/jlo,websiteQuery,,,,,,
Open github.com/johndoe,url,url,github.com/johndoe,websiteQuery,,,,,,
Could you open twitter.com/realdonaldtrump,url,url,twitter.com/realdonaldtrump,websiteQuery,,,,,,
Can you open youtube.com/c/netflix,url,url,youtube.com/c/netflix,websiteQuery,,,,,,
Open cnn.com/politics,url,url,cnn.com/politics,websiteQuery,,,,,,
Can you look up en.wikipedia.org/wiki/AI,url,url,en.wikipedia.org/wiki/AI,websiteQuery,,,,,,
Can you open linkedin.com/in/janedoe,url,url,linkedin.com/in/janedoe,websiteQuery,,,,,,
Can you look up disneyplus.com/show/the-mandalorian,url,url,disneyplus.com/show/the-mandalorian,websiteQuery,,,,,,
Can you open amazon.com/gp/bestsellers/books,url,url,amazon.com/gp/bestsellers/books,websiteQuery,,,,,,
Can you look up imdb.com/title/tt5463162/,url,url,imdb.com/title/tt5463162/,websiteQuery,,,,,,
Can you open zoom.us/j/123456789,url,url,zoom.us/j/123456789,websiteQuery,,,,,,
Open etsy.com/shop/myshop,url,url,etsy.com/shop/myshop,websiteQuery,,,,,,
Can you look up stackoverflow.com/questions/12345678,url,url,stackoverflow.com/questions/12345678,websiteQuery,,,,,,
Open udemy.com/course/machine-learning-course,url,url,udemy.com/course/machine-learning-course,websiteQuery,,,,,,
Can you look up cnn.com/videos/world/2022/04/01,url,url,cnn.com/videos/world/2022/04/01,websiteQuery,,,,,,
Open airbnb.com/experiences/123456,url,url,airbnb.com/experiences/123456,websiteQuery,,,,,,
Can you open medium.com/@johndoe/my-article,url,url,medium.com/@johndoe/my-article,websiteQuery,,,,,,
Can you look up weather.com/city/123456,url,url,weather.com/city/123456,websiteQuery,,,,,,
"Look up ""How to cook steak"" on YouTube",youtube,query, How to cook steak,videoQuery,,,,,,
Play a video by PewDiePie,youtube,query, PewDiePie,videoQuery,,,,,,
"Can you open ""Baby Shark Dance"" on YouTube",youtube,query, Baby Shark Dance,videoQuery,,,,,,
Can you play a video by MrBeast,youtube,query, MrBeast,videoQuery,,,,,,
"Open ""Top 10 things to do in New York"" on YouTube",youtube,query, Top 10 things to do in New York,videoQuery,,,,,,
"Can you play ""Despacito"" on YouTube",youtube,query, Despacito,videoQuery,,,,,,
"Look up ""Taylor Swift - Shake It Off"" on YouTube",youtube,query, Taylor Swift - Shake It Off,videoQuery,,,,,,
Can you open a video by Shane Dawson,youtube,query, Shane Dawson,videoQuery,,,,,,
"Play ""Dance Monkey"" on YouTube",youtube,query, Dance Monkey,videoQuery,,,,,,
"Can you look up ""How to make pizza at home"" on YouTube",youtube,query, How to make pizza at home,videoQuery,,,,,,
"Open ""Game Theory: FNAF",youtube,query,Game Theory: FNAF,videoQuery,,,,,,
Can you play a video by Dude Perfect,youtube,query, Dude Perfect,videoQuery,,,,,,
"Look up ""Marvel's Avengers: Endgame"" trailer on YouTube",youtube,query, Marvel's Avengers: Endgame trailer,videoQuery,,,,,,
"Open ""How to Draw a Cute Cat - Easy Pictures to Draw"" on YouTube",youtube,query, How to Draw a Cute Cat - Easy Pictures to Draw,videoQuery,,,,,,
"Can you play ""The Office - Funniest Moments"" on YouTube",youtube,query, The Office - Funniest Moments,videoQuery,,,,,,
"Look up ""Billie Eilish - Therefore I Am"" on YouTube",youtube,query, Billie Eilish - Therefore I Am,videoQuery,,,,,,
"Can you open ""DIY Crafts: How to Make a Miniature Swimming Pool"" on YouTube",youtube,query, DIY Crafts: How to Make a Miniature Swimming Pool,videoQuery,,,,,,
Play a video by Jimmy Fallon,youtube,query, Jimmy Fallon,videoQuery,,,,,,
"Open ""Peppa Pig Official Channel | Peppa Pig's House Building Special"" on YouTube",youtube,query, Peppa Pig Official Channel | Peppa Pig's House Building Special,videoQuery,,,,,,
"Look up ""One Direction - Story of My Life"" on YouTube",youtube,query, One Direction - Story of My Life,videoQuery,,,,,,
Can you capture a screenshot of my screen,screenshot,,,,,,,,,
"Take a screenshot of my desktop, please.",screenshot,,,,,,,,,
Could you please take a screenshot of this webpage,screenshot,,,,,,,,,
Can you grab a screenshot of this window,screenshot,,,,,,,,,
"Take a screenshot of this image, please.",screenshot,,,,,,,,,
Could you capture a screenshot of this document,screenshot,,,,,,,,,
Can you take a screenshot of my browser window,screenshot,,,,,,,,,
Please take a screenshot of this slide.,screenshot,,,,,,,,,
"Capture a screenshot of this Excel spreadsheet, please.",screenshot,,,,,,,,,
Could you please take a screenshot of this chat window,screenshot,,,,,,,,,
Can you grab a screenshot of my entire screen,screenshot,,,,,,,,,
Please take a screenshot of my current screen.,screenshot,,,,,,,,,
Could you capture a screenshot of this video,screenshot,,,,,,,,,
"Take a screenshot of this game, please.",screenshot,,,,,,,,,
Can you grab a screenshot of this map,screenshot,,,,,,,,,
"Take a screenshot of this diagram, please.",screenshot,,,,,,,,,
Please capture a screenshot of this form.,screenshot,,,,,,,,,
Can you take a screenshot of this application,screenshot,,,,,,,,,
Could you please take a screenshot of this code snippet,screenshot,,,,,,,,,
Can you grab a screenshot of this email,screenshot,,,,,,,,,
Capture screen,screenshot,,,,,,,,,
Screenshot,screenshot,,,,,,,,,
Take screenshot,screenshot,,,,,,,,,
Take a screenshot,screenshot,,,,,,,,,
Take a screen capture,screenshot,,,,,,,,,
What's on my todo list for today? ,todoist,task,read_items,,,,,date,today,taskDate
Add finish project report to my todo list for tomorrow. ,todoist,task,add_item,, item, finish project report,,date,tomorrow,taskDate
Remove call John from my todo list. ,todoist,task,remove_item,, item, call John,,,,
What are the items due this week? ,todoist,task,read_items,,,,,date,week,taskDate
Mark buy groceries as done on my todo list. ,todoist,task,mark_done,, item, buy groceries,,,,
Add book hotel for vacation to my todo list for next week. ,todoist,task,add_item,, item, book hotel for vacation,,date,next_week,taskDate
What's next on my todo list? ,todoist,task,read_next_item,,,,,date,next,taskDate
Set a reminder for dentist appointment on Friday at 2pm. ,todoist,task,set_reminder,, item, dentist appointment,,date,Friday,taskDate
What are the items on my todo list for next month? ,todoist,task,read_items,,,,,date,next_month,taskDate
Add pick up dry cleaning to my todo list for today. ,todoist,task,add_item,, item, pick up dry cleaning,,date,today,taskDate
What are the items on my todo list that are overdue? ,todoist,task,read_overdue_items,,,,,date,overdue,taskDate
Mark pay rent as urgent on my todo list. ,todoist,task,mark_urgent,, item, pay rent,,,,
Add buy birthday gift for Mary to my todo list for next week. ,todoist,task,add_item,, item, buy birthday gift for Mary,,date,next_week,taskDate
What are the items on my todo list that are due today? ,todoist,task,read_items,,,,,date,today,taskDate
Set a reminder for submit expense report on Monday at 9am. ,todoist,task,set_reminder,, item, submit expense report,,date,Monday,taskDate
Add call mom to my todo list for tomorrow morning. ,todoist,task,add_item,, item, call mom,,date,tomorrow,taskDate
What are the items on my todo list that are due tomorrow? ,todoist,task,read_items,,,,,date,tomorrow,taskDate
Mark finish coding project as important on my todo list. ,todoist,task,mark_important,, item, finish coding project,,,,
What's on my to-do list for today? ,todoist,task,read_items,,,,,date,today,taskDate
"Add ""finish project report"" to my to-do list for tomorrow. ",todoist,task,add_item,, item, finish project report,,date,tomorrow,taskDate
"Remove ""call John"" from my to-do list. ",todoist,task,remove_item,, item, call John,,,,
What are the items due this week? ,todoist,task,read_items,,,,,date,next_week,taskDate
"Mark ""buy groceries"" as done on my to-do list. ",todoist,task,mark_done,, item, buy groceries,,,,
"Add ""book hotel for vacation"" to my to-do list for next week. ",todoist,task,add_item,, item, book hotel for vacation,,date,next_week,taskDate
What's next on my to-do list? ,todoist,task,read_next_item,,,,,date,next,taskDate
"Set a reminder for ""dentist appointment"" on Friday at 2pm. ",todoist,task,set_reminder,, item, dentist appointment,,,,
What are the items on my to-do list for next month? ,todoist,task,read_items,,,,,date,next_month,taskDate
"Add ""pick up dry cleaning"" to my to-do list for today. ",todoist,task,add_item,, item, pick up dry cleaning,,date,today,taskDate
What are the items on my to-do list that are overdue? ,todoist,task,read_overdue_items,,,,,date,overdue,taskDate
"Mark ""pay rent"" as urgent on my to-do list. ",todoist,task,mark_urgent,, item, pay rent,,,,
"Add ""buy birthday gift for Mary"" to my to-do list for next week. ",todoist,task,add_item,, item, buy birthday gift for Mary,,date,next_week,taskDate
What are the items on my to-do list that are due today? ,todoist,task,read_items,,,,,date,today,taskDate
"Set a reminder for ""submit expense report"" on Monday at 9am. ",todoist,task,set_reminder,, item, submit expense report,,date,Monday,taskDate
"Add ""call mom"" to my to-do list for tomorrow morning. ",todoist,task,add_item,, item, call mom,,date,tomorrow,taskDate
What are the items on my to-do list that are due tomorrow? ,todoist,task,read_items,,,,,date,tomorrow,taskDate
"Mark ""finish coding project"" as important on my to-do list. ",todoist,task,mark_important,, item, finish coding project,,,,
What's on my to do list for today? ,todoist,task,read_items,,,,,date,today,taskDate
"Add ""finish project report"" to my to do list for tomorrow. ",todoist,task,add_item,, item, finish project report,,date,tomorrow,taskDate
"Remove ""call John"" from my to do list. ",todoist,task,remove_item,, item, call John,,,,
What are the items due this week? ,todoist,task,read_items,,,,,date,week,taskDate
"Mark ""buy groceries"" as done on my to do list. ",todoist,task,mark_done,, item, buy groceries,,,,
"Add ""book hotel for vacation"" to my to do list for next week. ",todoist,task,add_item,, item, book hotel for vacation,,date,next_week,taskDate
What's next on my to do list? ,todoist,task,read_next_item,,,,,date,next,taskDate
"Set a reminder for ""dentist appointment"" on Friday at 2pm. ",todoist,task,set_reminder,, item, dentist appointment,,date,Friday,taskDate
What are the items on my to do list for next month? ,todoist,task,read_items,,,,,date,next_month,taskDate
"Add ""pick up dry cleaning"" to my to do list for today. ",todoist,task,add_item,, item, pick up dry cleaning,,date,today,taskDate
What are the items on my to do list that are overdue? ,todoist,task,read_overdue_items,,,,,,,
"Mark ""pay rent"" as urgent on my to do list. ",todoist,task,mark_urgent,, item, pay rent,,,,
"Add ""buy birthday gift for Mary"" to my to do list for next week. ",todoist,task,add_item,, item, buy birthday gift for Mary,,date,next_week,taskDate
What are the items on my to do list that are due today? ,todoist,task,read_items,,,,,date,today,taskDate
"Set a reminder for ""submit expense report"" on Monday at 9am. ",todoist,task,set_reminder,, item, submit expense report,,date,Monday,taskDate
"Add ""call mom"" to my to do list for tomorrow morning. ",todoist,task,add_item,, item, call mom,,date,tomorrow,taskDate
What are the items on my to do list that are due tomorrow? ,todoist,task,read_items,,,,,date,tomorrow,taskDate
"Mark ""finish coding project"" as important on my to do list. ",todoist,task,mark_important,, item, finish coding project,,,,
Remove all items from my to do list. ,todoist,task,clear_list,,,,,,,
What is the molecular weight of ethanol,wolfram,query,molecular weight of ethanol,wolfQuery,,,,,,
What is the specific heat of copper,wolfram,query,specific heat of copper,wolfQuery,,,,,,
What is the speed of light in a vacuum,wolfram,query,speed of light in a vacuum,wolfQuery,,,,,,
What is the melting point of iron,wolfram,query,melting point of iron,wolfQuery,,,,,,
What is the atomic number of carbon,wolfram,query,atomic number of carbon,wolfQuery,,,,,,
What is the density of gold,wolfram,query,density of gold,wolfQuery,,,,,,
What is the heat capacity of water,wolfram,query,heat capacity of water,wolfQuery,,,,,,
What is the freezing point of mercury,wolfram,query,freezing point of mercury,wolfQuery,,,,,,
What is the pH of a solution with a hydrogen ion concentration of 1 x 10^-4 M,wolfram,query,pH of a solution with a hydrogen ion concentration of 1 x 10^-4 M,wolfQuery,,,,,,
What is the magnetic field strength at the center of a circular loop of wire,wolfram,query,magnetic field strength at the center of a circular loop of wire,wolfQuery,,,,,,
What is the radius of the earth,wolfram,query,radius of the earth,wolfQuery,,,,,,
What is the coefficient of friction between rubber and concrete,wolfram,query,coefficient of friction between rubber and concrete,wolfQuery,,,,,,
What is the half-life of carbon-14,wolfram,query,half-life of carbon-14,wolfQuery,,,,,,
What is the maximum wavelength of visible light,wolfram,query,maximum wavelength of visible light,wolfQuery,,,,,,
What is the gravitational force between two objects with masses of 10 kg and 20 kg separated by a distance of 5 meters,wolfram,query,gravitational force between two objects with masses of 10 kg and 20 kg separated by a distance of 5 meters,wolfQuery,,,,,,
What is the index of refraction of diamond,wolfram,query,index of refraction of diamond,wolfQuery,,,,,,
What is the electric field strength at a distance of 2 meters from a point charge of 1 microcoulomb,wolfram,query,electric field strength at a distance of 2 meters from a point charge of 1 microcoulomb,wolfQuery,,,,,,
What is the boiling point of nitrogen,wolfram,query,boiling point of nitrogen,wolfQuery,,,,,,
What is the standard entropy of formation of methane gas,wolfram,query,standard entropy of formation of methane gas,wolfQuery,,,,,,
What is the compressibility factor of nitrogen gas at a pressure of 10 atm and a temperature of 300 K,wolfram,query,compressibility factor of nitrogen gas at a pressure of 10 atm and a temperature of 300 K,wolfQuery,,,,,,
Do you know molecular weight of ethanol,wolfram,query,molecular weight of ethanol,wolfQuery,,,,,,
Do you know specific heat of copper,wolfram,query,specific heat of copper,wolfQuery,,,,,,
Do you know speed of light in a vacuum,wolfram,query,speed of light in a vacuum,wolfQuery,,,,,,
Do you know melting point of iron,wolfram,query,melting point of iron,wolfQuery,,,,,,
Do you know atomic number of carbon,wolfram,query,atomic number of carbon,wolfQuery,,,,,,
Do you know density of gold,wolfram,query,density of gold,wolfQuery,,,,,,
Do you know heat capacity of water,wolfram,query,heat capacity of water,wolfQuery,,,,,,
Do you know freezing point of mercury,wolfram,query,freezing point of mercury,wolfQuery,,,,,,
Do you know pH of a solution with a hydrogen ion concentration of 1 x 10^-4 M,wolfram,query,pH of a solution with a hydrogen ion concentration of 1 x 10^-4 M,wolfQuery,,,,,,
Do you know magnetic field strength at the center of a circular loop of wire,wolfram,query,magnetic field strength at the center of a circular loop of wire,wolfQuery,,,,,,
Do you know radius of the earth,wolfram,query,radius of the earth,wolfQuery,,,,,,
Do you know coefficient of friction between rubber and concrete,wolfram,query,coefficient of friction between rubber and concrete,wolfQuery,,,,,,
Do you know half-life of carbon-14,wolfram,query,half-life of carbon-14,wolfQuery,,,,,,
Do you know maximum wavelength of visible light,wolfram,query,maximum wavelength of visible light,wolfQuery,,,,,,
Do you know gravitational force between two objects with masses of 10 kg and 20 kg separated by a distance of 5 meters,wolfram,query,gravitational force between two objects with masses of 10 kg and 20 kg separated by a distance of 5 meters,wolfQuery,,,,,,
Do you know index of refraction of diamond,wolfram,query,index of refraction of diamond,wolfQuery,,,,,,
Do you know electric field strength at a distance of 2 meters from a point charge of 1 microcoulomb,wolfram,query,electric field strength at a distance of 2 meters from a point charge of 1 microcoulomb,wolfQuery,,,,,,
Do you know boiling point of nitrogen,wolfram,query,boiling point of nitrogen,wolfQuery,,,,,,
Do you know standard entropy of formation of methane gas,wolfram,query,standard entropy of formation of methane gas,wolfQuery,,,,,,
Do you know compressibility factor of nitrogen gas at a pressure of 10 atm and a temperature of 300 K,wolfram,query,compressibility factor of nitrogen gas at a pressure of 10 atm and a temperature of 300 K,wolfQuery,,,,,,
What is the median income in the United States,wolfram,query,median income in the United States,wolfQuery,,,,,,
"What is the standard deviation of a data set with values 1, 3, 5, 7, 9",wolfram,query,"standard deviation of a data set with values 1, 3, 5, 7, 9",wolfQuery,,,,,,
"What is the mode of a data set with values 2, 4, 5, 5, 7, 9",wolfram,query,"mode of a data set with values 2, 4, 5, 5, 7, 9",wolfQuery,,,,,,
What is the correlation between age and income,wolfram,query,correlation between age and income,wolfQuery,,,,,,
What is the coefficient of determination for a regression model,wolfram,query,coefficient of determination for a regression model,wolfQuery,,,,,,
What is the 95% confidence interval for a sample mean with a sample size of 50 and a standard deviation of 10,wolfram,query,95% confidence interval for a sample mean with a sample size of 50 and a standard deviation of 10,wolfQuery,,,,,,
What is the p-value for a t-test with 10 degrees of freedom and a test statistic of 2.5,wolfram,query,p-value for a t-test with 10 degrees of freedom and a test statistic of 2.5,wolfQuery,,,,,,
What is the probability of rolling a 6 on a standard die,wolfram,query,probability of rolling a 6 on a standard die,wolfQuery,,,,,,
What is the expected value of rolling two dice,wolfram,query,expected value of rolling two dice,wolfQuery,,,,,,
What is the z-score for a data point that is 2 standard deviations above the mean,wolfram,query,z-score for a data point that is 2 standard deviations above the mean,wolfQuery,,,,,,
"What is the interquartile range of a data set with values 2, 3, 5, 7, 9, 11",wolfram,query,"interquartile range of a data set with values 2, 3, 5, 7, 9, 11",wolfQuery,,,,,,
What is the skewness of a data set with a normal distribution,wolfram,query,skewness of a data set with a normal distribution,wolfQuery,,,,,,
What is the kurtosis of a data set with a uniform distribution,wolfram,query,kurtosis of a data set with a uniform distribution,wolfQuery,,,,,,
What is the chi-squared statistic for a contingency table with two rows and two columns,wolfram,query,chi-squared statistic for a contingency table with two rows and two columns,wolfQuery,,,,,,
What is the coefficient of variation for a data set with a mean of 50 and a standard deviation of 10,wolfram,query,coefficient of variation for a data set with a mean of 50 and a standard deviation of 10,wolfQuery,,,,,,
What is the standard error of the mean for a sample size of 100 and a standard deviation of 5,wolfram,query,standard error of the mean for a sample size of 100 and a standard deviation of 5,wolfQuery,,,,,,
What is the F-test statistic for a two-sample test with 20 degrees of freedom in the numerator and 25 degrees of freedom in the denominator,wolfram,query,F-test statistic for a two-sample test with 20 degrees of freedom in the numerator and 25 degrees of freedom in the denominator,wolfQuery,,,,,,
What is the probability density function of a normal distribution with a mean of 0 and a standard deviation of 1,wolfram,query,probability density function of a normal distribution with a mean of 0 and a standard deviation of 1,wolfQuery,,,,,,
What is the cumulative distribution function of a binomial distribution with n=10 and p=0.5,wolfram,query,cumulative distribution function of a binomial distribution with n=10 and p=0.5,wolfQuery,,,,,,
What is the expected frequency for a contingency table with two rows and two columns and a total sample size of 100,wolfram,query,expected frequency for a contingency table with two rows and two columns and a total sample size of 100,wolfQuery,,,,,,
Do you know median income in the United States,wolfram,query,median income in the United States,wolfQuery,,,,,,
"Do you know standard deviation of a data set with values 1, 3, 5, 7, 9",wolfram,query,"standard deviation of a data set with values 1, 3, 5, 7, 9",wolfQuery,,,,,,
"Do you know mode of a data set with values 2, 4, 5, 5, 7, 9",wolfram,query,"mode of a data set with values 2, 4, 5, 5, 7, 9",wolfQuery,,,,,,
Do you know correlation between age and income,wolfram,query,correlation between age and income,wolfQuery,,,,,,
Do you know coefficient of determination for a regression model,wolfram,query,coefficient of determination for a regression model,wolfQuery,,,,,,
Do you know 95% confidence interval for a sample mean with a sample size of 50 and a standard deviation of 10,wolfram,query,95% confidence interval for a sample mean with a sample size of 50 and a standard deviation of 10,wolfQuery,,,,,,
Do you know p-value for a t-test with 10 degrees of freedom and a test statistic of 2.5,wolfram,query,p-value for a t-test with 10 degrees of freedom and a test statistic of 2.5,wolfQuery,,,,,,
Do you know probability of rolling a 6 on a standard die,wolfram,query,probability of rolling a 6 on a standard die,wolfQuery,,,,,,
Do you know expected value of rolling two dice,wolfram,query,expected value of rolling two dice,wolfQuery,,,,,,
Do you know z-score for a data point that is 2 standard deviations above the mean,wolfram,query,z-score for a data point that is 2 standard deviations above the mean,wolfQuery,,,,,,
"Do you know interquartile range of a data set with values 2, 3, 5, 7, 9, 11",wolfram,query,"interquartile range of a data set with values 2, 3, 5, 7, 9, 11",wolfQuery,,,,,,
Do you know skewness of a data set with a normal distribution,wolfram,query,skewness of a data set with a normal distribution,wolfQuery,,,,,,
Do you know kurtosis of a data set with a uniform distribution,wolfram,query,kurtosis of a data set with a uniform distribution,wolfQuery,,,,,,
Do you know chi-squared statistic for a contingency table with two rows and two columns,wolfram,query,chi-squared statistic for a contingency table with two rows and two columns,wolfQuery,,,,,,
Do you know coefficient of variation for a data set with a mean of 50 and a standard deviation of 10,wolfram,query,coefficient of variation for a data set with a mean of 50 and a standard deviation of 10,wolfQuery,,,,,,
Do you know standard error of the mean for a sample size of 100 and a standard deviation of 5,wolfram,query,standard error of the mean for a sample size of 100 and a standard deviation of 5,wolfQuery,,,,,,
Do you know F-test statistic for a two-sample test with 20 degrees of freedom in the numerator and 25 degrees of freedom in the denominator,wolfram,query,F-test statistic for a two-sample test with 20 degrees of freedom in the numerator and 25 degrees of freedom in the denominator,wolfQuery,,,,,,
Do you know probability density function of a normal distribution with a mean of 0 and a standard deviation of 1,wolfram,query,probability density function of a normal distribution with a mean of 0 and a standard deviation of 1,wolfQuery,,,,,,
Do you know cumulative distribution function of a binomial distribution with n=10 and p=0.5,wolfram,query,cumulative distribution function of a binomial distribution with n=10 and p=0.5,wolfQuery,,,,,,
Do you know expected frequency for a contingency table with two rows and two columns and a total sample size of 100,wolfram,query,expected frequency for a contingency table with two rows and two columns and a total sample size of 100,wolfQuery,,,,,,
What is the current price of Apple stock,wolfram,query,current price of Apple stock,wolfQuery,,,,,,
What is the market capitalization of Amazon,wolfram,query,market capitalization of Amazon,wolfQuery,,,,,,
How many shares of Google stock are outstanding,wolfram,query,how many shares of Google stock are outstanding,wolfQuery,,,,,,
What is the price-to-earnings ratio of Microsoft,wolfram,query,price-to-earnings ratio of Microsoft,wolfQuery,,,,,,
What is the dividend yield of Coca-Cola stock,wolfram,query,dividend yield of Coca-Cola stock,wolfQuery,,,,,,
What is the beta coefficient of Tesla stock,wolfram,query,beta coefficient of Tesla stock,wolfQuery,,,,,,
What is the 52-week high for Facebook stock,wolfram,query,52-week high for Facebook stock,wolfQuery,,,,,,
What is the 52-week low for Amazon stock,wolfram,query,52-week low for Amazon stock,wolfQuery,,,,,,
What is the net income of Alphabet Inc,wolfram,query,net income of Alphabet Inc,wolfQuery,,,,,,
What is the return on equity of Walmart,wolfram,query,return on equity of Walmart,wolfQuery,,,,,,
What is the debt-to-equity ratio of Johnson & Johnson,wolfram,query,debt-to-equity ratio of Johnson & Johnson,wolfQuery,,,,,,
How much revenue did Procter & Gamble generate in the last fiscal year,wolfram,query,how much revenue did Procter & Gamble generate in the last fiscal year,wolfQuery,,,,,,
What is the enterprise value of Netflix,wolfram,query,enterprise value of Netflix,wolfQuery,,,,,,
What is the price-to-sales ratio of Nike,wolfram,query,price-to-sales ratio of Nike,wolfQuery,,,,,,
What is the current yield on a 10-year US Treasury bond,wolfram,query,current yield on a 10-year US Treasury bond,wolfQuery,,,,,,
What is the effective annual yield of a 6-month certificate of deposit with a 2% interest rate,wolfram,query,effective annual yield of a 6-month certificate of deposit with a 2% interest rate,wolfQuery,,,,,,
What is the intrinsic value of Berkshire Hathaway stock,wolfram,query,intrinsic value of Berkshire Hathaway stock,wolfQuery,,,,,,
What is the profit margin of ExxonMobil,wolfram,query,profit margin of ExxonMobil,wolfQuery,,,,,,
How much cash and cash equivalents does General Electric have on hand,wolfram,query,how much cash and cash equivalents does General Electric have on hand,wolfQuery,,,,,,
What is the weighted average cost of capital for AT&T,wolfram,query,weighted average cost of capital for AT&T,wolfQuery,,,,,,
Do you know current price of Apple stock,wolfram,query,current price of Apple stock,wolfQuery,,,,,,
Do you know market capitalization of Amazon,wolfram,query,market capitalization of Amazon,wolfQuery,,,,,,
Do you know how many shares of Google stock are outstanding,wolfram,query,how many shares of Google stock are outstanding,wolfQuery,,,,,,
Do you know price-to-earnings ratio of Microsoft,wolfram,query,price-to-earnings ratio of Microsoft,wolfQuery,,,,,,
Do you know dividend yield of Coca-Cola stock,wolfram,query,dividend yield of Coca-Cola stock,wolfQuery,,,,,,
Do you know beta coefficient of Tesla stock,wolfram,query,beta coefficient of Tesla stock,wolfQuery,,,,,,
Do you know 52-week high for Facebook stock,wolfram,query,52-week high for Facebook stock,wolfQuery,,,,,,
Do you know 52-week low for Amazon stock,wolfram,query,52-week low for Amazon stock,wolfQuery,,,,,,
Do you know net income of Alphabet Inc,wolfram,query,net income of Alphabet Inc,wolfQuery,,,,,,
Do you know return on equity of Walmart,wolfram,query,return on equity of Walmart,wolfQuery,,,,,,
Do you know debt-to-equity ratio of Johnson & Johnson,wolfram,query,debt-to-equity ratio of Johnson & Johnson,wolfQuery,,,,,,
Do you know how much revenue did Procter & Gamble generate in the last fiscal year,wolfram,query,how much revenue did Procter & Gamble generate in the last fiscal year,wolfQuery,,,,,,
Do you know enterprise value of Netflix,wolfram,query,enterprise value of Netflix,wolfQuery,,,,,,
Do you know price-to-sales ratio of Nike,wolfram,query,price-to-sales ratio of Nike,wolfQuery,,,,,,
Do you know current yield on a 10-year US Treasury bond,wolfram,query,current yield on a 10-year US Treasury bond,wolfQuery,,,,,,
Do you know effective annual yield of a 6-month certificate of deposit with a 2% interest rate,wolfram,query,effective annual yield of a 6-month certificate of deposit with a 2% interest rate,wolfQuery,,,,,,
Do you know intrinsic value of Berkshire Hathaway stock,wolfram,query,intrinsic value of Berkshire Hathaway stock,wolfQuery,,,,,,
Do you know profit margin of ExxonMobil,wolfram,query,profit margin of ExxonMobil,wolfQuery,,,,,,
Do you know how much cash and cash equivalents does General Electric have on hand,wolfram,query,how much cash and cash equivalents does General Electric have on hand,wolfQuery,,,,,,
Do you know weighted average cost of capital for AT&T,wolfram,query,weighted average cost of capital for AT&T,wolfQuery,,,,,,
What is the area of New York City,wolfram,query,area of New York City,wolfQuery,,,,,,
What is the highest point in the Rocky Mountains,wolfram,query,highest point in the Rocky Mountains,wolfQuery,,,,,,
"What is the population of London, England",wolfram,query,"population of London, England",wolfQuery,,,,,,
What is the latitude and longitude of the Eiffel Tower,wolfram,query,latitude and longitude of the Eiffel Tower,wolfQuery,,,,,,
What is the currency used in Brazil,wolfram,query,currency used in Brazil,wolfQuery,,,,,,
What is the largest city in China by population,wolfram,query,largest city in China by population,wolfQuery,,,,,,
What is the capital city of Australia,wolfram,query,capital city of Australia,wolfQuery,,,,,,
What is the primary language spoken in India,wolfram,query,primary language spoken in India,wolfQuery,,,,,,
What is the largest lake in Africa by volume,wolfram,query,largest lake in Africa by volume,wolfQuery,,,,,,
What is the name of the river that flows through Paris,wolfram,query,name of the river that flows through Paris,wolfQuery,,,,,,
"What is the time zone of Tokyo, Japan",wolfram,query,"time zone of Tokyo, Japan",wolfQuery,,,,,,
What is the national animal of Canada,wolfram,query,national animal of Canada,wolfQuery,,,,,,
What is the elevation of Mount Everest,wolfram,query,elevation of Mount Everest,wolfQuery,,,,,,
What is the official language of Mexico,wolfram,query,official language of Mexico,wolfQuery,,,,,,
What is the largest desert in the world by area,wolfram,query,largest desert in the world by area,wolfQuery,,,,,,
What is the length of the Great Barrier Reef in Australia,wolfram,query,length of the Great Barrier Reef in Australia,wolfQuery,,,,,,
What is the name of the largest island in Hawaii,wolfram,query,name of the largest island in Hawaii,wolfQuery,,,,,,
What is the official currency of Switzerland,wolfram,query,official currency of Switzerland,wolfQuery,,,,,,
What is the name of the largest city in South America by population,wolfram,query,name of the largest city in South America by population,wolfQuery,,,,,,
"What is the climate like in Moscow, Russia",wolfram,query,"climate like in Moscow, Russia",wolfQuery,,,,,,
Tell me area of New York City,wolfram,query,area of New York City,wolfQuery,,,,,,
Tell me highest point in the Rocky Mountains,wolfram,query,highest point in the Rocky Mountains,wolfQuery,,,,,,
"Tell me population of London, England",wolfram,query,"population of London, England",wolfQuery,,,,,,
Tell me latitude and longitude of the Eiffel Tower,wolfram,query,latitude and longitude of the Eiffel Tower,wolfQuery,,,,,,
Tell me currency used in Brazil,wolfram,query,currency used in Brazil,wolfQuery,,,,,,
Tell me largest city in China by population,wolfram,query,largest city in China by population,wolfQuery,,,,,,
Tell me capital city of Australia,wolfram,query,capital city of Australia,wolfQuery,,,,,,
Tell me primary language spoken in India,wolfram,query,primary language spoken in India,wolfQuery,,,,,,
Tell me largest lake in Africa by volume,wolfram,query,largest lake in Africa by volume,wolfQuery,,,,,,
Tell me name of the river that flows through Paris,wolfram,query,name of the river that flows through Paris,wolfQuery,,,,,,
"Tell me time zone of Tokyo, Japan",wolfram,query,"time zone of Tokyo, Japan",wolfQuery,,,,,,
Tell me national animal of Canada,wolfram,query,national animal of Canada,wolfQuery,,,,,,
Tell me elevation of Mount Everest,wolfram,query,elevation of Mount Everest,wolfQuery,,,,,,
Tell me official language of Mexico,wolfram,query,official language of Mexico,wolfQuery,,,,,,
Tell me largest desert in the world by area,wolfram,query,largest desert in the world by area,wolfQuery,,,,,,
Tell me length of the Great Barrier Reef in Australia,wolfram,query,length of the Great Barrier Reef in Australia,wolfQuery,,,,,,
Tell me name of the largest island in Hawaii,wolfram,query,name of the largest island in Hawaii,wolfQuery,,,,,,
Tell me official currency of Switzerland,wolfram,query,official currency of Switzerland,wolfQuery,,,,,,
Tell me name of the largest city in South America by population,wolfram,query,name of the largest city in South America by population,wolfQuery,,,,,,
"Tell me climate like in Moscow, Russia",wolfram,query,"climate like in Moscow, Russia",wolfQuery,,,,,,
What year did World War II end,wolfram,query,,wolfQuery,,,,,,
Who was the first president of the United States,wolfram,query,,wolfQuery,,,,,,
What was the date of the Battle of Hastings,wolfram,query,,wolfQuery,,,,,,
What was the primary cause of the American Civil War,wolfram,query,,wolfQuery,,,,,,
Who was the last queen of France before the French Revolution,wolfram,query,,wolfQuery,,,,,,
What was the primary religion of the Byzantine Empire,wolfram,query,,wolfQuery,,,,,,
When did the Protestant Reformation begin,wolfram,query,,wolfQuery,,,,,,
What was the primary language spoken in the Ottoman Empire,wolfram,query,,wolfQuery,,,,,,
What was the purpose of the Magna Carta,wolfram,query,,wolfQuery,,,,,,
Who was the leader of the Soviet Union during World War II,wolfram,query,,wolfQuery,,,,,,
When did the Renaissance begin,wolfram,query,,wolfQuery,,,,,,
What was the significance of the Battle of Waterloo,wolfram,query,,wolfQuery,,,,,,
Who was the first European explorer to reach the Americas,wolfram,query,,wolfQuery,,,,,,
When was the Emancipation Proclamation issued,wolfram,query,,wolfQuery,,,,,,
What was the significance of the Treaty of Versailles,wolfram,query,,wolfQuery,,,,,,
Who was the first person to circumnavigate the globe,wolfram,query,,wolfQuery,,,,,,
When did the Age of Exploration begin,wolfram,query,,wolfQuery,,,,,,
What was the primary cause of the fall of the Roman Empire,wolfram,query,,wolfQuery,,,,,,
Who was the leader of the Bolshevik Revolution in Russia,wolfram,query,,wolfQuery,,,,,,
When was the Berlin Wall torn down,wolfram,query,,wolfQuery,,,,,,
push volume 2 code,push,app,volume 2,repo,,,,,,
push v2,push,app,v2,repo,,,,,,
push volume 2,push,app,volume 2,repo,,,,,,
push volume 2 to bitbucket,push,app,volume 2,repo,,,,,,
push volume 1 code,push,app,volume 1,repo,,,,,,
push v1,push,app,v1,repo,,,,,,
push volume 1,push,app,volume 1,repo,,,,,,
push volume 1 to bitbucket,push,app,volume 1,repo,,,,,,
push dashboard code,push,app,dashboard,repo,,,,,,
push the dashboard,push,app,dashboard,repo,,,,,,
push dashboard,push,app,dashboard,repo,,,,,,
push the dashboard to github,push,app,dashboard,repo,,,,,,
push car market code,push,app,car market,repo,,,,,,
push casper,push,app,casper,repo,,,,,,
push car market,push,app,car market,repo,,,,,,
push casper to github,push,app,casper,repo,,,,,,
run ava,run,app,ava,program,,,,,,
run the dashboard,run,app,dashboard,program,,,,,,
run casper,run,app,casper,program,,,,,,
run the scraping program,run,app,scraping program,program,,,,,,
run policy iteration from volume 2,run,app,policy iteration,program,,,,,,
launch ava,run,app,ava,program,,,,,,
launch the dashboard,run,app,dashboard,program,,,,,,
launch casper,run,app,casper,program,,,,,,
launch the scraping program,run,app,scraping program,program,,,,,,
launch policy iteration from volume 2,run,app,policy iteration,program,,,,,,
execute ava,run,app,ava,program,,,,,,
execute the dashboard,run,app,dashboard,program,,,,,,
execute casper,run,app,casper,program,,,,,,
execute the scraping program,run,app,scraping program,program,,,,,,
execute policy iteration from volume 2,run,app,policy iteration,program,,,,,,
start ava,run,app,ava,program,,,,,,
start the dashboard,run,app,dashboard,program,,,,,,
start casper,run,app,casper,program,,,,,,
start the scraping program,run,app,scraping program,program,,,,,,
start policy iteration from volume 2,run,app,policy iteration,program,,,,,,
Can you please send an email for me,email,,,,,,,,,
I need to send an email. Could you help me,email,,,,,,,,,
Can you send an email on my behalf,email,,,,,,,,,
I'd like to send an email. How do I do that,email,,,,,,,,,
Can you guide me through sending an email,email,,,,,,,,,
Is it possible for you to send an email,email,,,,,,,,,
I want to send an email. Could you show me how,email,,,,,,,,,
Can you send an email for me right now,email,,,,,,,,,
I need to send an email urgently. Can you do it for me,email,,,,,,,,,
How do I send an email from this device,email,,,,,,,,,
I need to send an email quickly. Can you assist me,email,,,,,,,,,
Can you please send an email without delay,email,,,,,,,,,
I'm not sure how to send an email. Can you help me,email,,,,,,,,,
"I'd like to send an email, but I'm not sure how to start. Can you assist",email,,,,,,,,,
Can you send an email without any delay,email,,,,,,,,,
I need to send an email but I'm not sure how to proceed. Can you assist,email,,,,,,,,,
Can you show me how to send an email,email,,,,,,,,,
I need to send an email but I'm not sure how to do it properly. Can you help me,email,,,,,,,,,
Could you please send an email for me as soon as possible,email,,,,,,,,,
Can you help me send an email without any errors,email,,,,,,,,,
Send me an email.,email,,,,,,,,,
Email now.,email,,,,,,,,,
Compose an email.,email,,,,,,,,,
Draft an email.,email,,,,,,,,,
Type an email.,email,,,,,,,,,
Write an email.,email,,,,,,,,,
Email for me.,email,,,,,,,,,
Send that email.,email,,,,,,,,,
Email ASAP.,email,,,,,,,,,
Shoot off an email.,email,,,,,,,,,
Fire off an email.,email,,,,,,,,,
Send the email.,email,,,,,,,,,
Email it.,email,,,,,,,,,
Send an email promptly.,email,,,,,,,,,
Send an email quickly.,email,,,,,,,,,
Send an email urgently.,email,,,,,,,,,
Send an email without delay.,email,,,,,,,,,
Send an email immediately.,email,,,,,,,,,
"Send an email now, please.",email,,,,,,,,,
"Send an email asap, please.",email,,,,,,,,,
Send an email,email,,,,,,,,,
I'd like to send an email,email,,,,,,,,,
Start an email,email,,,,,,,,,
Email,email,,,,,,,,,
Show me my calendar for today.,calendar,read,show,,item,calendar,,date,today,calendarDate
What's on my calendar for tomorrow,calendar,read,what's,,item,calendar,,date,tomorrow,calendarDate
Add an event to my calendar.,calendar,add,add,,item,,,,,
Schedule a meeting for next week.,calendar,add,schedule,,item,,,date,week,calendarDate
What's my schedule like on Monday,calendar,read,what's,,item,,,date,Monday,calendarDate
Remove an event from my calendar.,calendar,remove,remove,,item,,,date,next,calendarDate
When is my next appointment,calendar,read,when,,item,,,date,today,calendarDate
What are my free slots this week,calendar,read,what,,item,,,date,week,calendarDate
Cancel my meeting for tomorrow.,calendar,remove,,,item,,,date,tomorrow,calendarDate
Can you reschedule my appointment for next week,calendar,add,,,item,,,date,next_week,calendarDate
What time is my meeting on Friday,calendar,read,,,item,,,date,Friday,calendarDate
How long is my meeting on Tuesday,calendar,read,,,item,,,date,Tuesday,calendarDate
Add a reminder to my calendar.,calendar,add,,,item,,,,,
What's my schedule like for the rest of the week,calendar,read,,,item,,,date,week,calendarDate
What are my appointments for next month,calendar,read,,,item,,,date,month,calendarDate
Show me my calendar for the next 7 days.,calendar,read,,,item,,,date,week,calendarDate
Move my meeting to a different time.,calendar,read,,,item,,,,,
What's the location of my meeting on Wednesday,calendar,read,,,item,,,date,Wednesday,calendarDate
Can you create a recurring event for me,calendar,add,,,item,,,,,
Set a reminder for my meeting next week.,calendar,read,,,item,,,date,week,calendarDate
Show me my calendar for today.,calendar,read,,,item,,,date,today,calendarDate
What's on my calendar for tomorrow,calendar,read,,,item,,,date,tomorrow,calendarDate
When is my next appointment,calendar,read,,,item,,,date,today,calendarDate
What time is my meeting on Friday,calendar,read,,,item,,,date,Friday,calendarDate
How long is my meeting on Tuesday,calendar,read,,,item,,,date,Tuesday,calendarDate
What are my appointments for next week,calendar,read,,,item,,,date,week,calendarDate
Show me my calendar for the next 7 days.,calendar,read,,,item,,,date,week,calendarDate
What's my schedule like for the rest of the week,calendar,read,,,item,,,date,week,calendarDate
What are my free slots this week,calendar,read,,,item,,,date,week,calendarDate
Can you show me my calendar for next month,calendar,read,,,item,,,date,month,calendarDate
What are my appointments for today,calendar,read,,,item,,,date,today,calendarDate
What's on my calendar for this afternoon,calendar,read,,,item,,,date,today,calendarDate
When is my next meeting,calendar,read,,,item,,,date,today,calendarDate
What's the location of my meeting on Wednesday,calendar,read,,,item,,,date,Wednesday,calendarDate
Can you show me my schedule for the day after tomorrow,calendar,read,,,item,,,date,tomorrow,calendarDate
What's my agenda for the week,calendar,read,,,item,,,date,week,calendarDate
Show me my events for the weekend.,calendar,read,,,item,,,date,Saturday,calendarDate
What are my meetings for this week,calendar,read,,,item,,,date,week,calendarDate
Can you show me my appointments for the morning,calendar,read,,,item,,,date,today,calendarDate
Show me my schedule for next week.,calendar,read,,,item,,,date,week,calendarDate
Hello,greeting,,,,,,,,,
Hi there,greeting,,,,,,,,,
Hey,greeting,,,,,,,,,
Good morning,greeting,,,,,,,,,
Good afternoon,greeting,,,,,,,,,
Good evening,greeting,,,,,,,,,
"Hi, how are you",greeting,,,,,,,,,
"Hello, how are you doing",greeting,,,,,,,,,
Howdy,greeting,,,,,,,,,
Greetings,greeting,,,,,,,,,
What's up,greeting,,,,,,,,,
Nice to meet you,greeting,,,,,,,,,
It's great to see you,greeting,,,,,,,,,
"Hey, what's going on",greeting,,,,,,,,,
How's everything,greeting,,,,,,,,,
How's your day been so far,greeting,,,,,,,,,
How are you holding up,greeting,,,,,,,,,
What's new,greeting,,,,,,,,,
How's life treating you,greeting,,,,,,,,,
"Hi, what can I help you with",greeting,,,,,,,,,
Wake up,greeting,,,,,,,,,
you there,greeting,,,,,,,,,
time to work,greeting,,,,,,,,,
ok,greeting,,,,,,,,,
are you there,greeting,,,,,,,,,
Wake up daddy's home,greeting,,,,,,,,,
are you up,greeting,,,,,,,,,
hi,greeting,,,,,,,,,
